date,title
16 February 2022,"Reps grill fire service boss over N1bn recruitment, logistics cash"
16 February 2022,D’Tigress to know World Cup foes March 3
16 February 2022,"AWCON: Oshoala, Plumptre land in Falcons camp"
16 February 2022,"Enugu insecurity spreads, gunmen swoop on ranch, kill 30 cows, herder"
16 February 2022,"Senate approves bureau to investigate air, road, other accidents"
,"Drug business: Abba Kyari undergoes marathon grilling, to face criminal charges"
,"Fuel crisis may affect inflation, says Statistician-General"
,"2023 presidency: My fate in God’s hands, says Emefiele"
,"Osun 2022: Aregbesola declares war, bombs Oyetola, Tinubu, Akande"
,"Abuja beggar caught with N500,000, $100, suspect detained"
,"VIDEO: Oyetola betrayed me, Tinubu turned himself into 'a god' - Aregbesola"
,"VIDEO: Missing woman found in Lagos, reunited with family after PUNCH's video"
,"[FÍDÍÒ] Arẹ́gbẹ́ṣọlá sọ ọ̀kò ọ̀rọ̀: Oyètọ́lá dà mí, ọ̀gá mi (Tinubu) alábòsí"
,"VIDEO: So This Happened (149) reviews sale of adulterated fuel, Zamfara commissioner sponsoring wedding of 20 orphans, other"
,"VIDEO: Residents rescue, cater for lost woman found in Egbeda, seek help to locate family"
,"Gunmen attack Plateau miners, kill two"
,Woman disguised as teacher abducts five children in Rivers
,Gunmen kill three Ebonyi policemen at checkpoint
,"Police seize 25 AK-47 rifles, other ammunition in Bauchi"
,"Borno task force disengages 2,203 child soldiers"
,"Abuja beggar caught with N500,000, $100, suspect detained"
,"Wife disagrees as husband testifies how spouse killed friend, dismembered body"
,"Police hunt driver as Rivers truck kills man, injures four"
,"Senate approves bureau to investigate air, road, other accidents"
,"Maritime workers begin strike March 1, vow to ground port operations"
,Reps resume work on finance sector’s compulsory assets declaration
,Economic recovery’ll continue on rising oil prices – Rewane
,"Panel blames COVID-19 as Bello adjusts N30,000 minimum wage"
,Fintech firm to launch financial services marketplace
,"PDP’ll challenge FCT council poll results, says Ayu"
,Nothing wrong if APC national convention doesn’t hold — Uzodinma
,"2023 presidency: Nigerians ready to replace APC, says PDP"
,"Air Force base scenario to undermine Ortom's security, PDP alleges"
,CSO launches awareness campaign ahead of 2023 elections
,"Caution Aregbesola, Osun APC urges presidency"
,"Osun crisis: Why Aregbesola, Oyetola must sign peace pact - CSO"
,"APGA backs Soludo, faults party members' exclusion claim"
,"AWCON: Oshoala, Plumptre land in Falcons camp"
,EPL: Ronaldo strikes as Man Utd climb back into top four
,Players urge Dare to intervene in NBBF crisis
,UCL: PSG beat Real Madrid 1-0 in last 16 first leg
,UCL: Man City beat Sporting Lisbon 5-0 in last 16 first leg
,"Champions League: De Bruyne, Cancelo return for Man City at Sporting Lisbon"
,Libertarianism: Nigerian unwritten economic policy
,Nigeria and the price of sovereign innumeracy
,Valentine's Day: The forgotten shades of love
,Studying Nigeria’s Constitution
,Reflections on the 2022 FCT Area Council Elections
,Igbophobia runs deeper than we think
,"Panel blames COVID-19 as Bello adjusts N30,000 minimum wage"
,Zero-sum game of politics
,Will your Valentine's Day special last more than 24 hours?
,A space to learn how to turn your passions to business
,Nigerian Femi Gbede named among top 40 black lawyers under 40
,Join PUNCH on Telegram
,Will your Valentine's Day special last more than 24 hours?
,A space to learn how to turn your passions to business
,Nigerian Femi Gbede named among top 40 black lawyers under 40
,Fintech firm to launch financial services marketplace
,Studying Nigeria’s Constitution
,Assembly lauds Sanwo-Olu over rail projects
,New wine in old wineskin: The Oshodi Megabus Interchange Scheme
,"Drug business: Abba Kyari undergoes marathon grilling, to face criminal charges"
,"Fuel crisis may affect inflation, says Statistician-General"
,Join PUNCH on Telegram
,UFC 271: NiDCOM hails Adesanya for retaining middleweight belt
,"Three Nigerians killed in South Africa over laptop, alleged drug dealings"
,"Nigerian students, parents fret as tension rises at Russia-Ukraine border"
,How I was almost accused of stealing in London hotel - Comedian Bovi
,"Getting jobs in UK was hard due to my native name - Nigerian, Inein Victor"
,"Russia crisis: FG urges Nigerians in Ukraine to remain calm, security conscious"
,"2023 presidency: My fate in God’s hands, says Emefiele"
,"Osun 2022: Aregbesola declares war, bombs Oyetola, Tinubu, Akande"
,"Abuja beggar caught with N500,000, $100, suspect detained"
,"VIDEO: Oyetola betrayed me, Tinubu turned himself into 'a god' - Aregbesola"
,"VIDEO: Missing woman found in Lagos, reunited with family after PUNCH's video"
,"[FÍDÍÒ] Arẹ́gbẹ́ṣọlá sọ ọ̀kò ọ̀rọ̀: Oyètọ́lá dà mí, ọ̀gá mi (Tinubu) alábòsí"
,"VIDEO: So This Happened (149) reviews sale of adulterated fuel, Zamfara commissioner sponsoring wedding of 20 orphans, other"
,Tribunal suspends Nigerian doctor for hugging colleague in Canada
,"Family of woman killed on 'Rust' set sues Hollywood actor, Alec Baldwin"
,"Hollywood star Regina Hall, two others to host 2022 Oscars"
,"Veteran rapper, Ruggedman, features Falz, Small Doctor in new single"
,"VIDEO: Residents rescue, cater for lost woman found in Egbeda, seek help to locate family"
,"Gunmen attack Plateau miners, kill two"
,Woman disguised as teacher abducts five children in Rivers
,Gunmen kill three Ebonyi policemen at checkpoint
,"Police seize 25 AK-47 rifles, other ammunition in Bauchi"
,"Borno task force disengages 2,203 child soldiers"
,"Abuja beggar caught with N500,000, $100, suspect detained"
,Actor Williams Uchemba gifts wife car after welcoming first child
,Basketballer Tristan Thompson accused of neglecting child with Maralee Nichols
,"Maritime workers begin strike March 1, vow to ground port operations"
,Players urge Dare to intervene in NBBF crisis
,Reps resume work on finance sector’s compulsory assets declaration
,Economic recovery’ll continue on rising oil prices – Rewane
,"Panel blames COVID-19 as Bello adjusts N30,000 minimum wage"
,"Wife disagrees as husband testifies how spouse killed friend, dismembered body"
,"Police hunt driver as Rivers truck kills man, injures four"
,Fintech firm to launch financial services marketplace
,"NRC, firm unveil railway advertising platform"
,COREN moves to reposition engineering education
,"FG, Ogun distribute free CAC certificates to MSMEs"
,Buhari confirms Bello as NPA MD
,Prevention of liver cancer
,"Expert advises workers, employers on stress management"
,"A3C, Reddington restores hearing of four-year-old"
,Organisation seeks improved access to cancer treatment
,"Birth control: Fear of impotence, religious beliefs, other factors scare Nigerian men away from vasectomy"
,"Nigerian students, parents fret as tension rises at Russia-Ukraine border"
,Val’s Day makes us special but it won’t outshine our birthdays –Nigerians born on February 14
,"Villagers panic over influx of herders into Ekiti community, decry nonstop attacks, farm destruction"
,World Bank economist warns countries against excessive borrowing
,"PDP’ll challenge FCT council poll results, says Ayu"
,Nothing wrong if APC national convention doesn’t hold — Uzodinma
,"2023 presidency: Nigerians ready to replace APC, says PDP"
,"Air Force base scenario to undermine Ortom's security, PDP alleges"
,CSO launches awareness campaign ahead of 2023 elections
,"Caution Aregbesola, Osun APC urges presidency"
,"Corruption, bitter politics worse in churches – Osinaike, Church Times Nigeria’s publisher"
,Gov trying his best to tackle insecurity – Shinkafi
,Matawalle should resign to save Zamfara from disintegration – Gusau
,"Fresh medical students often run, faint during first encounter with corpses in anatomy lab – Prof Ajao"
,SIM-NIN: Telcos lose 9.28 million Internet subscribers in one year
,Google records 50% drop in account breaches
,"Visa opens applications for $45,000 prize"
,"Osun crisis: Why Aregbesola, Oyetola must sign peace pact - CSO"
,"APGA backs Soludo, faults party members' exclusion claim"
,UCL: Man City beat Sporting Lisbon 5-0 in last 16 first leg
,"Champions League: De Bruyne, Cancelo return for Man City at Sporting Lisbon"
,"PSG vs Real Madrid: Benzema back for Madrid, Neymar on bench, Messi starts"
,D’Tigress to receive N25m reward for winning 2021 Afrobasket
,"Pictorial: Olympic champion, Simone Biles, officially engaged to Jonathan Owens"
,Phone company launches new series
,"Enugu insecurity spreads, gunmen swoop on ranch, kill 30 cows, herder"
,"COVID-19 bailout fund raises dust in Gombe, transporters wait endlessly for payment"
,"Govt yet to fulfil promises after Atlanta '96 win - ex-Super Eagles player, Obiekwu"
,Libertarianism: Nigerian unwritten economic policy
,Nigeria and the price of sovereign innumeracy
,Valentine's Day: The forgotten shades of love
,Studying Nigeria’s Constitution
,Reflections on the 2022 FCT Area Council Elections
,Igbophobia runs deeper than we think
,"Nothing bad in establishing more law schools, money required is a fraction of govs’ security votes – Adegboruwa, SAN"
,"Frustration mounts as bank customers allege excessive charges, battle fraudsters in cashless transactions"
,Iniubong Umoren: How Uduak Akpan violated deceased Akwa Ibom jobseeker — DSS
,"Rep remanded over N185m '419' case, bail application fails"
,"Second Niger Bridge named after Buhari, not Jonathan - Bashir Ahmad"
,"Foreign treatment: Reps propose seven-year imprisonment, N500m fine for officials"
,"I married at 23 to have a balanced life as footballer –Ex-Super Eagles goalkeeper, Shorunmu"
,Zero-sum game of politics
,Will your Valentine's Day special last more than 24 hours?
,A space to learn how to turn your passions to business
,Nigerian Femi Gbede named among top 40 black lawyers under 40
,Join PUNCH on Telegram
,When your partner is carefree
,IVF success rate is not only about cost
,Sickle cell and aging
,My parents supported my table tennis career –Funke Oshonaike
,Will your Valentine's Day special last more than 24 hours?
,A space to learn how to turn your passions to business
,Nigerian Femi Gbede named among top 40 black lawyers under 40
,Join PUNCH on Telegram
,UFC 271: NiDCOM hails Adesanya for retaining middleweight belt
,"Three Nigerians killed in South Africa over laptop, alleged drug dealings"
,"Nigerian students, parents fret as tension rises at Russia-Ukraine border"
,Women are indispensable to national development — Dayo Benjamins-Laniyi
,I feel bad when I’m not around water — Akapaikpe Uwem
,I was told to take off hijab if I wanted to be a successful model — Shatu Garko (Miss Nigeria 2021)
,Sex styles to spice up valentine for couples
,Should your relatives get permission from you before they visit?
,10 safety tips for schools
,How I was almost accused of stealing in London hotel - Comedian Bovi
,"Getting jobs in UK was hard due to my native name - Nigerian, Inein Victor"
,"Russia crisis: FG urges Nigerians in Ukraine to remain calm, security conscious"
,Tribunal suspends Nigerian doctor for hugging colleague in Canada
,"Family of woman killed on 'Rust' set sues Hollywood actor, Alec Baldwin"
,10 ways to prepare for the New Year
,JAMB has no power to conduct admissions –ASUU
,"JUPEB suspends DELSU for five years, cancels 2021 results"
,"Lagos CP visits Caleb, promises partnership"
,"Hollywood star Regina Hall, two others to host 2022 Oscars"
,"Veteran rapper, Ruggedman, features Falz, Small Doctor in new single"
,Actor Williams Uchemba gifts wife car after welcoming first child
,Basketballer Tristan Thompson accused of neglecting child with Maralee Nichols
,"Seplat, NGO empower Nigerians in graduate entrepreneurship programme"
,Reflections on the 2022 FCT Area Council Elections
,"NRC, firm unveil railway advertising platform"
,"Invest more in education, Ukrainian varsity tells Nigeria"
,COREN moves to reposition engineering education
,"FG, Ogun distribute free CAC certificates to MSMEs"
,Prevention of liver cancer
,"Expert advises workers, employers on stress management"
,"A3C, Reddington restores hearing of four-year-old"
,Organisation seeks improved access to cancer treatment
,"Birth control: Fear of impotence, religious beliefs, other factors scare Nigerian men away from vasectomy"
,"Nigerian students, parents fret as tension rises at Russia-Ukraine border"
,Val’s Day makes us special but it won’t outshine our birthdays –Nigerians born on February 14
,"Villagers panic over influx of herders into Ekiti community, decry nonstop attacks, farm destruction"
,"Corruption, bitter politics worse in churches – Osinaike, Church Times Nigeria’s publisher"
,Gov trying his best to tackle insecurity – Shinkafi
,Matawalle should resign to save Zamfara from disintegration – Gusau
,"Fresh medical students often run, faint during first encounter with corpses in anatomy lab – Prof Ajao"
,SIM-NIN: Telcos lose 9.28 million Internet subscribers in one year
,Google records 50% drop in account breaches
,"Visa opens applications for $45,000 prize"
,Phone company launches new series
,"COVID-19 bailout fund raises dust in Gombe, transporters wait endlessly for payment"
,"Nothing bad in establishing more law schools, money required is a fraction of govs’ security votes – Adegboruwa, SAN"
,"Frustration mounts as bank customers allege excessive charges, battle fraudsters in cashless transactions"
,"Old students revive golden era as legacy schools battle infrastructure decay, other challenges"
,Iniubong Umoren: How Uduak Akpan violated deceased Akwa Ibom jobseeker — DSS
,"Rep remanded over N185m '419' case, bail application fails"
,"Second Niger Bridge named after Buhari, not Jonathan - Bashir Ahmad"
,"Foreign treatment: Reps propose seven-year imprisonment, N500m fine for officials"
,"I married at 23 to have a balanced life as footballer –Ex-Super Eagles goalkeeper, Shorunmu"
,When your partner is carefree
,IVF success rate is not only about cost
,Sickle cell and aging
,My parents supported my table tennis career –Funke Oshonaike
,Women are indispensable to national development — Dayo Benjamins-Laniyi
,I feel bad when I’m not around water — Akapaikpe Uwem
,I was told to take off hijab if I wanted to be a successful model — Shatu Garko (Miss Nigeria 2021)
,Sex styles to spice up valentine for couples
,Should your relatives get permission from you before they visit?
,10 safety tips for schools
,10 ways to prepare for the New Year
,JAMB has no power to conduct admissions –ASUU
,"JUPEB suspends DELSU for five years, cancels 2021 results"
,"Lagos CP visits Caleb, promises partnership"
,"Invest more in education, Ukrainian varsity tells Nigeria"
